id,province,district_code,district,year,population,rate,rate_growth,rate_mechanical,density,born,birth_rate,born_3,born_per_3,prenatal_screening,newborn_screening,m_to_f
1,01,1,Ba Đình,2014,243.202,-3.9,13.31,1.18,26.335,4.245,17.45,38,0.9,80.0,50.0,114.9
2,01,2,Hoàn Kiếm,2014,202.725,-0.9,12.46,0.11,29.811,3.281,16.18,54,1.65,75.0,60.0,115.0
3,01,3,Hai Bà Trưng,2014,314.217,-0.4,12.22,-0.19,6.522,4.080,12.98,8,0.2,76.5,63.5,
4,01,4,Đống Đa,2014,404.887,2.2,13.66,0.27,4.557,6.709,16.57,32,0.48,75.0,50.0,108.5
5,01,5,Thanh Xuân,2014,268.563,0.0,11.8,02.03,21.305,3.645,13.57,40,1.1,68.4,38.0,107.9
6,01,6,Tây Hồ,2014,154.782,6.6,11.35,0.68,40.934,2.457,15.87,25,01.02,78.3,61.5,111.8
7,01,7,Cầu Giấy,2014,254.600,40.4,08.07,03.03,30.951,3.799,14.92,51,1.34,75.2,61.3,109.9
8,01,8,Hoàng Mai,2014,366.015,0.9,12.33,0.90,9.003,5.692,15.55,105,1.84,76.8,50.0,108.0
9,01,9,Long Biên,2014,272.187,0.8,10.5,-0.65,29.835,4.682,17.2,153,3.27,70.1,50.0,108.0
10,01,10,Nam Từ Liêm,2014,215.247,7.5,17.97,2.19,1.054,3.443,16,121,3.51,70.0,45.0,117.3
11,01,11,Bắc Từ Liêm,2014,316.267,5.5,15.43,0.96,2.082,4.126,13.05,157,3.81,75.0,45.0,112.9
12,01,12,Sóc Sơn,2014,321.458,1.2,12.83,-0.30,2.247,6.792,21.13,696,10.25,68.1,41.3,115.7
13,01,13,Đông Anh,2014,377.670,0.0,13.93,-0.52,6.716,7.246,19.19,665,9.18,70.3,40.5,113.1
14,01,14,Gia Lâm,2014,256.529,1.8,15.35,0.07,3.682,4.226,16.47,310,7.34,62.4,41.8,119.2
15,01,15,Thanh Trì,2014,226.738,13.8,10.65,0.46,7.343,3.595,15.86,252,07.01,70.7,40.0,112.1
16,01,16,Hà Đông,2014,288.600,9.8,17.05,-0.24,1.507,3.688,12.78,279,7.57,75.1,42.9,117.8
17,01,17,Sơn Tây,2014,137.689,0.5,12.56,0.54,6.055,2.009,14.59,211,10.5,96.8,9.1,126.0
18,01,18,Ba Vì,2014,272.457,-1.6,11.39,-0.64,1.223,4.893,17.96,580,11.85,73.0,28.5,125.2
19,01,19,Phúc Thọ,2014,178.716,0.6,13.51,-0.22,640,2.976,16.65,423,14.21,55.0,38.0,117.3
20,01,20,Đan Phượng,2014,160.707,1.8,11.46,-0.32,1.497,2.950,18.36,374,12.68,73.5,62.8,117.8
21,01,21,Thạch Thất,2014,198.600,0.5,14.73,0.84,2.003,3.346,16.85,478,14.29,50.3,35.0,111.3
22,01,22,Hoài Đức,2014,214.528,3.8,14.26,0.48,2.617,3.958,18.45,628,15.87,41.4,19.4,122.8
23,01,23,Quốc Oai,2014,179.779,-0.9,15.58,0.17,1.199,3.218,17.9,477,14.82,75.0,30.0,104.1
24,01,24,Chương Mỹ,2014,312.641,-1.5,11.96,-0.14,1.070,5.700,18.23,590,10.35,52.2,30.0,117.8
25,01,25,Thanh Oai,2014,192.800,6.2,12.53,-0.02,1.358,3.300,17.12,322,9.76,63.0,40.2,114.6
26,01,26,Thường Tín,2014,238.155,1.4,12.97,0.05,1.519,4.027,16.91,435,10.8,64.6,82.8,111.8
27,01,27,Ứng Hòa,2014,193.176,1.0,12.14,0.33,1.881,3.159,16.35,395,12.5,58.0,69.5,111.7
28,01,28,Phú Xuyên,2014,198.078,-2.8,13.38,0.40,1.101,3.537,17.86,420,11.87,67.0,42.1,127.6
29,01,29,Mỹ Đức,2014,185.420,-3.4,9.44,-1.02,1.056,3.073,16.57,378,12.3,60.9,35.0,118.6
30,01,30,Mê Linh,2014,212.273,2.0,15.19,0.19,825,4.137,19.49,375,09.06,76.4,42.3,125.3
31,01,1,Ba Đình,2015,245.116,0.8,10.98,1.41,26.732,3.622,14.8,51,1.41,83.00,85.01,104.86
32,01,2,Hoàn Kiếm,2015,205.696,1.5,12.81,0.03,30.113,3.281,16.0,53,1.62,85.58,84.73,110.73
33,01,3,Hai Bà Trưng,2015,314.788,0.2,11.87,-1.42,6.572,3.752,11.9,7,0.19,83.06,96.22,117.11
34,01,4,Đống Đa,2015,411.040,1.5,13.51,0.01,4.667,6.431,15.6,13,0.2,53.17,85.06,105.07
35,01,5,Thanh Xuân,2015,273.004,1.7,11.66,1.24,21.250,3.925,14.4,38,0.97,74.99,84.92,106.10
36,01,6,Tây Hồ,2015,158.740,2.6,10.36,0.93,41.638,2.556,16.1,24,0.94,90.73,85.60,111.07
37,01,7,Cầu Giấy,2015,259.584,2.0,06.01,2.30,30.828,3.837,14.8,50,1.3,75.18,85.41,110.36
38,01,8,Hoàng Mai,2015,370.584,1.2,11.25,2.67,9.276,5.405,14.6,97,1.79,75.56,85.70,106.94
39,01,9,Long Biên,2015,276.631,1.6,10.36,0.20,30.297,4.669,16.9,149,3.19,76.80,80.10,113.29
40,01,10,Nam Từ Liêm,2015,220.089,2.2,16.27,3.17,1.084,3.438,15.6,117,3.4,75.13,80.00,113.93
41,01,11,Bắc Từ Liêm,2015,320.815,1.4,14.07,3.71,2.073,4.157,13.0,154,3.7,79.91,79.99,113.07
42,01,12,Sóc Sơn,2015,328.512,2.2,12.59,-0.46,2.322,6.450,19.6,637,9.88,93.18,75.01,114.00
43,01,13,Đông Anh,2015,382.637,1.3,13.39,-0.25,6.940,6.887,18.0,592,8.6,72.99,70.00,115.02
44,01,14,Gia Lâm,2015,265.140,3.4,11.18,0.31,3.728,4.390,16.6,313,7.13,72.08,75.01,115.41
45,01,15,Thanh Trì,2015,215.634,-4.9,10.71,-0.29,7.123,3.587,16.6,246,6.86,77.98,74.99,112.37
46,01,16,Hà Đông,2015,296.585,2.8,17.85,-0.46,1.536,3.662,12.3,260,7.1,80.61,80.01,110.58
47,01,17,Sơn Tây,2015,140.263,1.9,9.28,0.36,6.062,1.906,13.6,191,10.02,69.56,65.01,114.44
48,01,18,Ba Vì,2015,286.053,5.0,9.77,-0.46,1.203,4.831,16.9,546,11.3,75.00,73.01,115.09
49,01,19,Phúc Thọ,2015,183.318,2.6,12.62,-0.17,652,2.834,15.5,367,12.95,69.99,76.39,115.19
50,01,20,Đan Phượng,2015,163.788,1.9,10.78,-0.29,1.500,2.880,17.6,347,12.05,72.05,75.11,115.95
51,01,21,Thạch Thất,2015,204.170,2.8,13.66,-0.12,2.023,3.194,15.6,444,13.9,65.25,68.82,123.98
52,01,22,Hoài Đức,2015,219.274,2.2,13.42,0.43,2.573,3.837,17.5,612,15.95,70.01,74.70,114.96
53,01,23,Quốc Oai,2015,186.245,3.6,12.7,0.09,1.196,3.084,16.6,439,14.23,91.44,52.50,107.05
54,01,24,Chương Mỹ,2015,318.216,1.8,11.64,-0.22,1.073,5.581,17.5,561,10.05,80.03,75.12,114.20
55,01,25,Thanh Oai,2015,195.586,1.4,12.17,0.07,1.354,3.178,16.2,290,9.13,87.82,71.91,116.55
56,01,26,Thường Tín,2015,241.189,1.3,10.87,0.04,1.551,3.894,16.1,407,10.45,72.00,68.13,111.51
57,01,27,Ứng Hòa,2015,196.181,1.6,11.44,0.24,1.866,3.070,15.6,372,12.12,65.36,88.53,120.70
58,01,28,Phú Xuyên,2015,205.110,3.6,11.95,0.41,1.105,3.362,16.4,386,11.48,65.89,57.38,113.16
59,01,29,Mỹ Đức,2015,188.418,1.6,9.55,-0.90,1.048,2.777,14.7,322,11.6,84.99,67.19,111.44
60,01,30,Mê Linh,2015,215.271,1.4,8.94,0.10,842,4.201,19.5,371,8.83,70.19,70.65,110.16
61,01,1,Ba Đình,2016,246.068,0.4,10.65,2.15,26.721,3.598,14.62,46,1.28,80.00,85.00,107.00
62,01,2,Hoàn Kiếm,2016,204.043,-0.8,12.68,-0.08,30.340,3.270,16.03,51,1.56,78.00,85.00,108.80
63,01,3,Hai Bà Trưng,2016,316.621,0.6,10.36,-0.07,6.728,4.183,13.21,8,0.19,79.90,98.00,109.00
64,01,4,Đống Đa,2016,416.101,1.2,13.4,-0.11,4.811,6.471,15.55,10,0.15,78.00,85.00,106.00
65,01,5,Thanh Xuân,2016,278.525,2.0,11.81,5.44,21.615,3.964,14.23,37,0.93,78.20,85.00,105.00
66,01,6,Tây Hồ,2016,162.217,2.2,9.17,1.83,41.990,2.520,15.53,23,0.91,78.00,85.20,103.70
67,01,7,Cầu Giấy,2016,264.441,1.9,5.2,1.70,30.916,3.911,14.79,49,1.25,78.50,86.10,110.00
68,01,8,Hoàng Mai,2016,379.483,2.4,10.64,5.12,9.549,5.450,14.36,79,1.45,75.00,85.00,106.60
69,01,9,Long Biên,2016,283.530,2.5,10.5,2.34,31.023,4.746,16.74,149,3.14,88.50,85.70,114.00
70,01,10,Nam Từ Liêm,2016,227.044,3.2,15.05,2.42,1.097,3.534,15.57,119,3.37,75.50,85.10,113.20
71,01,11,Bắc Từ Liêm,2016,325.817,1.6,12.95,3.00,2.052,4.205,12.91,154,3.66,75.00,85.00,113.50
72,01,12,Sóc Sơn,2016,333.741,1.6,12.81,-0.83,2.319,6.274,18.8,613,9.77,80.00,85.50,115.70
73,01,13,Đông Anh,2016,382.806,0.0,13.48,-0.17,7.167,6.471,16.9,550,8.5,75.20,75.80,113.00
74,01,14,Gia Lâm,2016,274.505,3.5,15.81,-0.16,3.692,4.520,16.47,287,6.35,75.80,80.00,110.40
75,01,15,Thanh Trì,2016,225.042,4.4,10.63,-0.45,7.251,3.604,16.01,246,6.83,72.00,77.00,112.00
76,01,16,Hà Đông,2016,298.318,0.6,14.37,-2.15,1.563,3.673,12.31,259,07.05,75.00,82.00,113.60
77,01,17,Sơn Tây,2016,140.263,0.0,11.49,-1.07,6.291,1.907,13.6,189,9.91,78.00,81.00,125.70
78,01,18,Ba Vì,2016,277.419,-3.0,10.1,-0.79,1.259,4.527,16.32,493,10.89,72.00,90.00,115.00
79,01,19,Phúc Thọ,2016,185.931,1.4,11.24,-0.89,660,2.956,15.9,351,11.87,70.00,80.00,115.00
80,01,20,Đan Phượng,2016,158.886,-3.0,11.37,-1.10,1.518,2.759,17.36,326,11.82,73.00,82.00,108.50
81,01,21,Thạch Thất,2016,202.046,-1.0,10.65,0.49,2.053,3.157,15.63,415,13.15,70.00,86.40,118.00
82,01,22,Hoài Đức,2016,220.302,0.5,12.2,-1.14,2.642,3.809,17.29,598,15.7,70.00,75.00,114.00
83,01,23,Quốc Oai,2016,188.836,1.4,11.57,0.07,1.218,2.952,15.63,415,14.06,90.00,80.00,104.10
84,01,24,Chương Mỹ,2016,323.723,1.7,9.96,-1.04,1.083,5.581,17.24,533,9.55,75.00,80.00,113.00
85,01,25,Thanh Oai,2016,193.235,-1.2,11.01,0.20,1.375,3.130,16.2,281,8.98,75.00,70.00,114.00
86,01,26,Thường Tín,2016,244.203,1.2,11.2,-0.10,1.577,3.890,15.93,400,10.28,70.00,71.20,114.70
87,01,27,Ứng Hòa,2016,200.117,2.0,10.42,0.99,1.871,2.969,14.84,346,11.65,74.34,92.55,124.68
88,01,28,Phú Xuyên,2016,193.235,-5.8,11.61,0.36,1.194,3.367,17.42,371,11.02,67.00,65.00,114.00
89,01,29,Mỹ Đức,2016,192.524,2.2,8.46,-0.72,1.072,3.020,15.69,301,9.97,70.00,61.00,116.00
90,01,30,Mê Linh,2016,220.835,2.6,12.71,-0.26,842,4.295,19.45,340,7.92,76.40,83.09,113.00
91,01,1,Ba Đình,2017,246.735,0.3,10.1,0.68,36.830,3.556,14.41,45,1.27,87.52,86.02,105.0
92,01,2,Hoàn Kiếm,2017,182.943,-10.3,10.41,-0.59,30.359,3.053,16.69,47,1.54,80.00,86.00,115.0
93,01,3,Hai Bà Trưng,2017,317.833,0.4,10.42,-0.01,6.900,3.975,12.51,7,0.18,80.14,88.87,104.0
94,01,4,Đống Đa,2017,417.637,0.4,13.16,0.01,4.880,5.848,14,5,0.09,80.13,86.22,106.0
95,01,5,Thanh Xuân,2017,280.250,0.6,11.98,1.59,21.656,4.019,14.34,29,0.72,80.16,86.01,106.0
96,01,6,Tây Hồ,2017,164.421,1.4,8.76,0.35,42.302,2.416,14.69,21,0.87,85.89,86.30,105.7
97,01,7,Cầu Giấy,2017,264.299,-0.1,6.72,1.73,30.994,3.935,14.89,46,1.17,80.40,86.30,110.0
98,01,8,Hoàng Mai,2017,387.495,2.1,10.57,1.85,10.206,5.636,14.36,79,1.45,77.17,85.98,107.0
99,01,9,Long Biên,2017,285.557,0.7,10.5,0.16,31.397,4.779,16.74,146,03.06,80.17,88.30,114.0
100,01,10,Nam Từ Liêm,2017,233.790,3.0,15.08,1.52,1.118,3.628,15.52,121,3.34,77.82,86.33,113.0
101,01,11,Bắc Từ Liêm,2017,328.295,0.8,12.55,1.12,2.055,4.264,12.99,155,3.64,77.00,86.00,113.5
102,01,12,Sóc Sơn,2017,335.512,0.5,12.29,-0.29,2.365,6.201,18.48,759,12.24,88.19,81.70,114.0
103,01,13,Đông Anh,2017,386.186,0.9,13.44,-0.05,7.353,6.301,16.32,511,8.11,73.49,82.30,112.0
104,01,14,Gia Lâm,2017,273.532,-0.4,14.2,-0.09,4.045,4.469,16.34,270,06.04,75.26,82.99,113.5
105,01,15,Thanh Trì,2017,229.835,2.1,10.71,0.04,7.354,3.677,16,247,6.72,78.98,81.64,112.0
106,01,16,Hà Đông,2017,309.019,3.6,15.77,-0.53,1.592,3.732,12.08,223,5.98,95.70,85.10,113.5
107,01,17,Sơn Tây,2017,145.739,3.9,10.09,0.19,6.442,1.888,12.95,179,9.48,82.99,86.02,108.0
108,01,18,Ba Vì,2017,291.383,5.0,9.39,-0.18,1.280,4.606,15.81,495,10.75,77.96,90.53,116.0
109,01,19,Phúc Thọ,2017,186.739,0.4,12.61,-0.12,668,2.950,15.8,345,11.69,72.30,83.25,115.0
110,01,20,Đan Phượng,2017,167.541,5.4,10.47,0.04,1.537,2.602,15.53,296,11.38,72.00,89.40,116.0
111,01,21,Thạch Thất,2017,208.194,3.0,11.89,0.32,2.088,3.136,15.06,401,12.79,87.50,91.10,111.3
112,01,22,Hoài Đức,2017,226.317,2.7,11.92,0.10,2.701,3.712,16.4,562,15.14,83.72,94.74,114.0
113,01,23,Quốc Oai,2017,190.136,0.7,11.75,0.16,1.244,2.900,15.25,358,12.34,88.52,82.07,104.0
114,01,24,Chương Mỹ,2017,326.032,0.7,12.22,0.03,1.107,5.542,17,513,9.26,77.45,81.97,113.0
115,01,25,Thanh Oai,2017,200.959,4.0,10.78,0.05,1.395,3.121,15.53,254,8.14,70.75,70.68,115.0
116,01,26,Thường Tín,2017,246.194,0.8,13.64,-0.01,1.657,3.888,15.79,382,9.83,99.71,71.99,114.2
117,01,27,Ứng Hòa,2017,201.176,0.5,11.98,-0.11,1.899,3.004,14.93,342,11.38,81.31,97.04,110.0
118,01,28,Phú Xuyên,2017,208.851,8.1,12.58,0.30,1.234,3.226,15.45,348,10.79,72.68,75.00,115.0
119,01,29,Mỹ Đức,2017,192.298,-0.1,09.04,0.11,1.088,2.993,15.56,288,9.62,73.65,83.00,112.0
120,01,30,Mê Linh,2017,222.486,0.7,10.77,0.08,859,4.021,18.07,314,7.81,73.65,83.00,113.0
121,01,1,Ba Đình,2018,247.450,0.3,11.29,0.49,26.406,3.566,14.41,45,1.26,85.63,87.63,103.1
122,01,2,Hoàn Kiếm,2018,160.393,-12.3,9.43,-0.43,28.922,2.715,16.93,42,1.55,81.80,86.80,105.2
123,01,3,Hai Bà Trưng,2018,310.159,-2.4,09.07,-1.27,6.839,4.157,13.4,0,0.00,81.02,88.02,115.1
124,01,4,Đống Đa,2018,422.403,1.1,12.2,0.25,4.923,5.878,13.92,5,0.09,81.64,87.64,107.5
125,01,5,Thanh Xuân,2018,278.460,-0.6,11.4,0.25,22.768,3.989,14.33,23,0.58,81.54,86.54,103.6
126,01,6,Tây Hồ,2018,169.725,3.2,7.75,0.47,42.422,2.491,14.68,19,0.76,86.11,86.11,109.9
127,01,7,Cầu Giấy,2018,267.628,1.3,7.21,1.41,30.390,3.965,14.82,45,1.13,81.57,85.57,110.0
128,01,8,Hoàng Mai,2018,431.692,11.4,8.46,1.62,11.002,6.054,14.36,78,1.45,78.03,86.03,105.9
129,01,9,Long Biên,2018,295.058,3.3,10.5,0.22,31.540,4.928,16.7,120,2.44,80.62,86.62,111.1
130,01,10,Nam Từ Liêm,2018,242.368,3.7,14.68,1.15,1.119,3.749,15.47,125,3.33,80.23,86.23,109.9
131,01,11,Bắc Từ Liêm,2018,331.721,1.0,10.94,0.49,2.073,4.302,12.97,155,3.60,80.50,86.50,112.9
132,01,12,Sóc Sơn,2018,341.738,1.9,12.09,-0.11,2.375,6.280,18.38,769,12.25,87.18,87.18,115.1
133,01,13,Đông Anh,2018,385.151,-0.3,12.74,-0.20,7.484,6.248,16.22,479,7.67,78.01,82.01,113.0
134,01,14,Gia Lâm,2018,277.317,1.4,12.34,-0.26,4.198,4.517,16.29,259,5.73,79.44,80.44,109.8
135,01,15,Thanh Trì,2018,239.139,4.0,10.56,0.34,7.363,3.813,15.94,246,6.45,80.84,80.84,114.2
136,01,16,Hà Đông,2018,315.229,2.0,13.27,0.21,1.604,3.766,11.95,190,05.05,85.01,85.01,111.6
137,01,17,Sơn Tây,2018,150.627,3.4,10.71,0.38,7.115,1.823,12.1,239,13.11,85.17,85.17,109.8
138,01,18,Ba Vì,2018,296.428,1.7,9.52,-0.21,1.288,4.459,15.04,475,10.65,79.39,87.01,105.1
139,01,19,Phúc Thọ,2018,190.300,1.9,12.54,-0.08,672,2.940,15.45,339,11.53,84.95,84.95,114.9
140,01,20,Đan Phượng,2018,170.650,1.9,9.77,0.00,1.545,2.584,15.14,289,11.18,75.06,88.06,115.5
141,01,21,Thạch Thất,2018,212.421,2.0,10.78,0.37,2.105,3.118,14.68,391,12.54,90.80,85.03,109.4
142,01,22,Hoài Đức,2018,229.063,1.2,10.61,0.27,2.860,3.698,16.14,550,14.87,83.78,83.08,116.0
143,01,23,Quốc Oai,2018,193.597,1.8,10.36,0.07,1.257,2.870,14.82,346,12.06,83.56,83.56,106.5
144,01,24,Chương Mỹ,2018,330.810,1.5,11.13,-0.15,1.104,5.533,16.73,505,9.13,80.11,83.11,118.9
145,01,25,Thanh Oai,2018,205.486,2.3,11.33,0.12,1.402,3.160,15.38,245,7.75,72.53,79.53,113.4
146,01,26,Thường Tín,2018,250.750,1.9,11.5,0.05,1.665,3.868,15.43,440,11.38,70.70,70.70,114.0
147,01,27,Ứng Hòa,2018,205.571,2.2,10.78,0.00,1.914,2.984,14.52,409,13.71,82.02,76.00,120.6
148,01,28,Phú Xuyên,2018,214.081,2.5,9.52,0.28,1.242,3.405,15.91,342,10.04,73.08,76.08,109.5
149,01,29,Mỹ Đức,2018,193.322,0.5,7.91,0.05,1.091,2.960,15.31,335,11.32,80.84,82.00,116.7
150,01,30,Mê Linh,2018,228.523,2.7,10.13,-0.01,863,3.964,17.35,298,7.52,76.21,85.21,113.9
151,01,1,Ba Đình,2019,222.921,-9.9,11.23,1.00,24.810,3.449,15.47,42,1.22,87.17,87.05,108.3
152,01,2,Hoàn Kiếm,2019,135.867,-15.3,9.16,-0.23,26.276,2.602,19.15,40,1.54,81.99,87.24,117.1
153,01,3,Hai Bà Trưng,2019,304.300,-1.9,8.29,0.58,6.720,4.010,13.18,5,0.12,84.02,89.09,107.1
154,01,4,Đống Đa,2019,372.162,-11.9,12.57,-0.29,5.359,4.671,12.55,4,0.09,82.00,89.32,105.9
155,01,5,Thanh Xuân,2019,294.080,5.6,12,0.59,23.912,4.159,14.14,27,0.65,83.80,87.30,104.4
156,01,6,Tây Hồ,2019,163.951,-3.4,6.32,0.85,38.113,2.039,12.44,17,0.83,87.57,87.13,115.1
157,01,7,Cầu Giấy,2019,293.592,9.7,6.84,1.59,29.805,4.310,14.68,44,01.02,83.50,87.14,114.5
158,01,8,Hoàng Mai,2019,508.130,17.7,11.02,1.10,12.614,6.995,13.77,65,0.93,78.01,87.08,113.1
159,01,9,Long Biên,2019,323.585,9.7,10.25,3.98,32.299,5.280,16.32,140,2.65,88.29,89.31,114.2
160,01,10,Nam Từ Liêm,2019,264.902,9.3,14.15,2.14,1.131,4.082,15.41,103,2.52,82.93,87.02,113.1
161,01,11,Bắc Từ Liêm,2019,336.241,1.4,11.23,1.65,2.171,4.322,12.85,143,3.31,79.99,87.14,116.3
162,01,12,Sóc Sơn,2019,344.732,0.9,12.21,-0.24,2.459,5.982,17.35,908,15.18,95.01,88.13,112.3
163,01,13,Đông Anh,2019,401.042,4.1,13.55,0.20,8.235,6.028,15.03,441,7.32,80.48,83.19,112.7
164,01,14,Gia Lâm,2019,287.914,3.8,12.25,-1.01,4.401,4.625,16.06,253,5.47,75.04,83.06,116.0
165,01,15,Thanh Trì,2019,278.242,16.4,10.6,-0.04,7.445,4.399,15.81,229,5.21,85.02,83.17,112.3
166,01,16,Hà Đông,2019,400.046,26.9,13.3,0.80,1.687,4.808,12.02,208,4.33,81.99,87.00,114.4
167,01,17,Sơn Tây,2019,151.846,0.8,9.88,0.05,8.034,2.122,13.97,219,10.32,88.73,87.62,116.1
168,01,18,Ba Vì,2019,291.236,-1.8,10.68,-0.30,1.279,4.436,15.23,508,11.45,83.99,88.09,112.7
169,01,19,Phúc Thọ,2019,184.530,-3.0,9.93,-0.12,685,2.939,15.93,292,9.94,85.00,83.00,115.7
170,01,20,Đan Phượng,2019,175.487,2.8,10.96,-0.25,1.569,2.648,15.09,265,10.01,75.66,87.08,111.7
171,01,21,Thạch Thất,2019,217.110,2.2,10.71,0.35,2.240,3.149,14.5,366,11.62,86.57,85.28,107.7
172,01,22,Hoài Đức,2019,265.321,15.8,13.28,0.36,3.100,4.468,16.84,549,12.29,86.03,85.06,113.9
173,01,23,Quốc Oai,2019,196.595,1.5,10.98,0.31,1.290,2.997,15.24,327,10.91,89.16,83.95,115.0
174,01,24,Chương Mỹ,2019,338.013,2.2,10.64,-0.27,1.148,5.499,16.27,688,12.51,83.81,83.03,112.2
175,01,25,Thanh Oai,2019,215.429,4.8,12.01,0.16,1.425,3.203,14.87,225,07.02,81.01,80.00,114.8
176,01,26,Thường Tín,2019,255.648,2.0,10.35,0.22,1.711,3.912,15.3,440,11.25,91.99,70.87,115.9
177,01,27,Ứng Hòa,2019,211.995,3.1,10.86,0.31,1.950,3.677,17.34,460,12.51,83.80,90.52,115.6
178,01,28,Phú Xuyên,2019,215.940,0.9,11.31,0.39,1.260,3.390,15.7,313,9.23,82.59,80.00,110.5
179,01,29,Mỹ Đức,2019,201.732,4.4,11.2,0.05,1.118,3.029,15.01,289,9.54,81.53,81.27,115.1
180,01,30,Mê Linh,2019,241.311,5.6,10.33,0.12,882,4.178,17.31,282,6.75,77.99,85.29,112.8
181,01,1,Ba Đình,2020,225.521,1.2,10.16,0.94,24.495,3.087,13.69,35,1.13,84.01,88.08,107.4
182,01,2,Hoàn Kiếm,2020,139.524,2.7,8.52,-0.35,26.037,2.515,18.03,35,1.39,85.01,87.95,123.7
183,01,3,Hai Bà Trưng,2020,303.382,-0.3,7.97,-0.28,6.735,4.177,13.77,5,0.12,84.02,89.53,107.8
184,01,4,Đống Đa,2020,375.016,0.8,12.68,-0.21,5.495,5.006,13.35,5,0.10,84.55,89.13,111.3
185,01,5,Thanh Xuân,2020,295.850,0.6,12.34,0.70,24.078,4.118,13.92,26,0.63,84.09,87.01,107.3
186,01,6,Tây Hồ,2020,164.112,0.1,6.31,0.81,37.688,2.159,13.16,16,0.74,87.47,87.56,112.4
187,01,7,Cầu Giấy,2020,295.223,0.6,6.57,3.36,29.581,4.307,14.59,42,0.98,85.00,87.83,112.5
188,01,8,Hoàng Mai,2020,521.675,2.7,10.22,1.53,12.986,6.741,12.92,73,01.08,82.37,87.40,107.2
189,01,9,Long Biên,2020,330.229,2.1,10.6,0.05,32.268,5.202,15.75,137,2.63,88.83,89.50,113.8
190,01,10,Nam Từ Liêm,2020,274.063,3.5,13.76,3.62,1.151,4.390,16.02,130,2.96,83.53,88.10,113.3
191,01,11,Bắc Từ Liêm,2020,345.463,2.7,10.61,0.90,2.217,4.436,12.84,159,3.58,82.43,87.51,115.5
192,01,12,Sóc Sơn,2020,351.883,2.1,10.97,-0.05,2.494,6.216,17.66,943,15.17,94.21,86.01,113.9
193,01,13,Đông Anh,2020,411.661,2.6,13.33,0.17,8.518,6.025,14.64,466,7.73,84.36,83.06,112.6
194,01,14,Gia Lâm,2020,291.131,1.1,11.89,-0.37,4.497,4.668,16.03,263,5.63,83.46,83.13,115.8
195,01,15,Thanh Trì,2020,285.805,2.7,10.53,1.24,7.621,4.387,15.35,274,6.25,85.43,85.18,112.2
196,01,16,Hà Đông,2020,416.286,4.1,13.54,0.30,1.767,4.503,10.82,230,5.11,82.00,77.59,115.1
197,01,17,Sơn Tây,2020,152.354,0.3,11.88,0.10,8.423,2.158,14.16,224,10.38,88.22,86.07,100.8
198,01,18,Ba Vì,2020,296.918,2.0,7.76,-0.50,1.300,4.507,15.18,572,12.69,81.06,89.73,119.1
199,01,19,Phúc Thọ,2020,189.094,2.5,11.46,-0.44,705,2.860,15.12,317,11.08,95.01,89.50,116.5
200,01,20,Đan Phượng,2020,179.514,2.3,10.04,-0.19,1.597,2.822,15.72,288,10.21,84.41,93.26,110.9
201,01,21,Thạch Thất,2020,220.382,1.5,10.47,02.01,2.302,3.622,16.44,384,10.60,88.36,86.32,117.9
202,01,22,Hoài Đức,2020,271.443,2.3,10.99,0.18,3.192,4.020,14.81,585,14.55,88.95,83.18,116.7
203,01,23,Quốc Oai,2020,199.289,1.4,10.56,0.17,1.317,2.984,14.97,350,11.73,94.62,93.19,110.6
204,01,24,Chương Mỹ,2020,342.189,1.2,12.05,-0.60,1.177,5.468,15.98,698,12.77,81.42,86.67,113.2
205,01,25,Thanh Oai,2020,220.149,2.2,11.45,0.32,1.441,3.723,16.91,252,6.77,79.75,86.12,116.5
206,01,26,Thường Tín,2020,259.233,1.4,12.1,-0.09,1.752,3.775,14.56,503,13.32,88.74,82.99,116.1
207,01,27,Ứng Hòa,2020,213.108,0.5,9.87,0.17,1.993,2.981,13.99,465,15.60,81.33,88.20,111.8
208,01,28,Phú Xuyên,2020,222.025,2.8,11,0.31,1.279,3.729,16.8,293,7.86,81.56,83.98,115.3
209,01,29,Mỹ Đức,2020,204.088,1.2,7.98,0.20,1.133,3.003,14.71,319,10.62,86.45,90.95,111.4
210,01,30,Mê Linh,2020,249.747,3.5,10.18,0.10,902,4.050,16.22,293,7.23,79.43,84.12,112.2
211,01,1,Ba Đình,2021,225.314,-0.1,7.67,1.54,24.463,2.692,11.95,30,1.11,84.01,88.00,104.96
212,01,2,Hoàn Kiếm,2021,139.573,0.0,6.12,0.10,26.094,2.175,15.58,32,1.47,85.01,88.00,119.15
213,01,3,Hai Bà Trưng,2021,298.348,-1.7,8.26,0.32,6.772,3.549,11.9,5,0.14,84.02,89.00,95.22
214,01,4,Đống Đa,2021,376.860,0.5,11.22,-0.22,5.590,4.474,11.87,6,0.13,84.55,89.00,108.40
215,01,5,Thanh Xuân,2021,293.218,-0.9,12,1.53,23.764,4.078,13.91,25,0.61,84.09,87.20,105.23
216,01,6,Tây Hồ,2021,165.148,0.6,5.72,0.68,37.869,2.057,12.46,13,0.63,87.47,88.00,98.52
217,01,7,Cầu Giấy,2021,294.234,-0.3,05.09,03.03,29.074,4.284,14.56,41,0.96,85.00,87.00,108.73
218,01,8,Hoàng Mai,2021,531.471,1.9,10.18,1.13,13.225,6.855,12.9,73,01.06,82.37,87.00,105.36
219,01,9,Long Biên,2021,335.952,1.7,10.51,0.38,31.974,4.891,14.56,127,2.60,88.83,92.90,109.86
220,01,10,Nam Từ Liêm,2021,279.089,1.8,11.94,3.19,1.168,4.326,15.5,133,03.07,83.53,87.00,110.19
221,01,11,Bắc Từ Liêm,2021,352.421,2.0,10.18,2.92,2.216,4.517,12.82,162,3.59,82.43,88.00,112.64
222,01,12,Sóc Sơn,2021,356.750,1.4,11.29,-0.38,2.491,5.433,15.23,869,15.99,86.20,87.00,114.97
223,01,13,Đông Anh,2021,411.448,-0.1,13.34,-0.29,8.676,5.756,13.99,425,7.38,84.36,86.80,112.18
224,01,14,Gia Lâm,2021,290.680,-0.2,11.13,-0.29,4.555,4.537,15.61,264,5.82,83.46,85.00,112.63
225,01,15,Thanh Trì,2021,289.169,1.2,10.61,-0.03,7.790,4.343,15.02,266,6.12,85.43,85.00,107.48
226,01,16,Hà Đông,2021,426.243,2.4,11.32,0.69,1.784,4.591,10.77,242,5.27,82.00,87.00,112.09
227,01,17,Sơn Tây,2021,154.523,1.4,7.87,-0.57,8.586,1.840,11.91,224,12.17,88.22,86.00,111.16
228,01,18,Ba Vì,2021,302.940,2.0,6.69,-0.10,1.318,4.573,15.1,550,12.03,81.06,88.00,108.37
229,01,19,Phúc Thọ,2021,192.171,1.6,9.84,-0.17,718,2.823,14.69,302,10.70,95.01,83.00,111.61
230,01,20,Đan Phượng,2021,182.708,1.8,9.61,-0.19,1.622,2.689,14.72,286,10.64,84.41,90.00,106.64
231,01,21,Thạch Thất,2021,224.016,1.6,10.15,0.35,2.350,3.278,14.63,364,11.10,88.36,88.20,109.40
232,01,22,Hoài Đức,2021,275.637,1.5,10.49,0.26,3.245,3.960,14.37,571,14.42,88.95,84.50,112.57
233,01,23,Quốc Oai,2021,201.889,1.3,10.25,0.12,1.335,3.010,14.91,348,11.56,94.62,86.70,127.59
234,01,24,Chương Mỹ,2021,347.136,1.4,10.18,-0.11,1.195,5.392,15.53,673,12.48,81.42,84.60,107.02
235,01,25,Thanh Oai,2021,220.899,0.3,11.14,0.29,1.462,3.248,14.7,237,7.30,79.75,81.50,115.45
236,01,26,Thường Tín,2021,261.885,1.0,9.15,-0.09,1.775,3.305,12.62,495,14.98,88.74,81.00,113.58
237,01,27,Ứng Hòa,2021,214.294,0.6,7.71,0.25,2.012,2.654,12.38,406,15.30,81.33,90.44,109.52
238,01,28,Phú Xuyên,2021,227.870,2.6,7.65,0.21,1.313,3.052,13.39,271,8.88,81.56,84.00,111.17
239,01,29,Mỹ Đức,2021,207.179,1.5,6.28,0.07,1.138,2.996,14.46,313,10.45,86.45,86.00,107.97
240,01,30,Mê Linh,2021,251.769,0.8,9.92,0.20,916,3.870,15.37,283,7.31,79.43,86.00,109.92
241,01,1,Ba Đình,2022,223.000,-1.0,5.16,0.88,24.224,2.445,10.96,27,1.10,90.08,90.08,104.5
242,01,2,Hoàn Kiếm,2022,140.253,0.5,0.99,0.25,26.206,2.185,15.58,28,1.28,86.01,88.01,114.4
243,01,3,Hai Bà Trưng,2022,293.952,-1.5,3.3,0.09,6.834,2.774,9.44,3,0.11,100.00,89.58,115.3
244,01,4,Đống Đa,2022,377.919,0.3,9.49,0.25,5.703,3.790,10.03,7,0.18,85.36,89.30,107.0
245,01,5,Thanh Xuân,2022,293.393,0.1,10.46,0.18,23.788,4.120,14.04,21,0.51,88.66,88.51,103.6
246,01,6,Tây Hồ,2022,166.479,0.8,1.65,-2.27,37.980,1.724,10.36,13,0.75,91.87,88.54,112.4
247,01,7,Cầu Giấy,2022,294.516,0.1,0.29,0.08,28.645,4.036,13.7,38,0.94,86.84,86.99,111.9
248,01,8,Hoàng Mai,2022,539.806,1.6,09.08,0.99,13.431,6.825,12.64,67,0.98,86.10,88.60,106.2
249,01,9,Long Biên,2022,342.624,2.0,9.52,0.86,31.996,4.653,13.58,113,2.43,95.50,93.20,108.7
250,01,10,Nam Từ Liêm,2022,290.475,4.1,8.89,6.88,1.182,4.385,15.1,127,2.90,83.78,87.64,110.2
251,01,11,Bắc Từ Liêm,2022,359.194,1.9,5.71,1.72,2.217,4.548,12.66,159,3.50,83.00,88.00,113.0
252,01,12,Sóc Sơn,2022,361.525,1.3,7.57,-0.06,2.570,5.120,14.16,737,14.39,97.52,91.86,110.0
253,01,13,Đông Anh,2022,411.685,0.1,12.73,0.29,9.030,4.309,10.47,319,7.40,97.61,93.92,110.3
254,01,14,Gia Lâm,2022,299.160,2.9,9.92,3.26,4.632,3.984,13.32,218,5.47,89.26,92.44,111.0
255,01,15,Thanh Trì,2022,294.293,1.8,9.91,0.84,7.938,4.119,14,248,06.02,80.00,83.00,109.0
256,01,16,Hà Đông,2022,435.451,2.2,7.59,2.38,1.801,4.384,10.07,235,5.36,86.99,83.78,111.8
257,01,17,Sơn Tây,2022,156.412,1.2,7.21,0.04,8.773,1.532,9.79,184,12.01,88.00,94.00,110.4
258,01,18,Ba Vì,2022,307.621,1.5,4.1,0.56,1.335,3.808,12.38,448,11.76,81.40,87.80,108.1
259,01,19,Phúc Thọ,2022,195.218,1.6,7.21,0.00,729,2.814,14.41,302,10.73,91.52,86.69,114.1
260,01,20,Đan Phượng,2022,186.325,2.0,8.39,0.21,1.648,2.384,12.79,249,10.44,85.22,88.92,111.8
261,01,21,Thạch Thất,2022,226.009,0.9,6.39,0.37,2.391,2.723,12.05,339,12.45,94.45,95.17,111.3
262,01,22,Hoài Đức,2022,282.291,2.4,6.35,0.16,3.324,3.050,10.8,431,14.13,94.85,91.50,107.7
263,01,23,Quốc Oai,2022,204.738,1.4,6.71,0.18,1.352,2.676,13.07,272,10.16,94.50,96.74,119.4
264,01,24,Chương Mỹ,2022,351.262,1.2,7.6,0.14,1.205,4.800,13.67,566,11.79,86.83,86.87,110.3
265,01,25,Thanh Oai,2022,225.983,2.3,07.09,-1.81,1.479,2.402,10.63,185,7.70,87.49,75.92,114.1
266,01,26,Thường Tín,2022,263.801,0.7,6.62,0.05,1.815,2.758,10.45,412,14.94,99.38,89.35,113.7
267,01,27,Ứng Hòa,2022,231.921,8.2,5.18,0.10,2.027,2.130,9.18,321,15.07,93.56,90.52,107.2
268,01,28,Phú Xuyên,2022,215.814,-5.3,10.1,0.08,1.336,3.554,16.47,310,8.72,84.00,85.00,111.8
269,01,29,Mỹ Đức,2022,210.189,1.5,03.04,0.56,1.147,2.796,13.3,285,10.19,82.00,86.00,111.0
270,01,30,Mê Linh,2022,254.343,1.0,7.89,0.07,929,3.232,12.71,226,6.99,80.14,85.12,112.3
271,01,1,Ba Đình,2023,221.510,-0.7,4.69,-0.06,24.051,2.011,9.12,22,01.09,97.80,94.00,104.0
272,01,2,Hoàn Kiếm,2023,141.028,0.6,3.39,0.05,26.360,1.795,12.73,23,1.28,86.00,89.00,113.0
273,01,3,Hai Bà Trưng,2023,295.582,0.6,-0.22,0.44,12.124,1.462,4.97,1,0.07,86.50,90.50,105.0
274,01,4,Đống Đa,2023,379.102,0.3,3.56,-0.18,6.309,3.635,9.58,6,0.17,86.00,89.00,108.0
275,01,5,Thanh Xuân,2023,295.691,0.8,09.02,-0.60,23.885,3.788,12.80,15,0.40,86.20,89.10,104.1
276,01,6,Tây Hồ,2023,169.403,1.8,5.73,-0.22,17.025,1.694,9.96,10,0.59,98.10,90.80,109.8
277,01,7,Cầu Giấy,2023,297.310,0.9,10.52,0.52,28.978,4.041,13.44,37,0.92,86.00,89.20,109.0
278,01,8,Hoàng Mai,2023,554.079,2.6,9.36,1.78,13.786,6.677,11.89,63,0.94,88.60,89.50,106.0
279,01,9,Long Biên,2023,351.287,2.5,9.36,1.12,38.308,4.480,12.62,105,2.34,89.50,93.20,109.0
280,01,10,Nam Từ Liêm,2023,307.202,5.8,13.04,2.74,1.006,4.641,14.73,131,2.82,84.69,89.78,110.2
281,01,11,Bắc Từ Liêm,2023,366.393,2.0,9.28,0.32,1.973,4.287,11.63,149,3.48,84.00,88.00,113.0
282,01,12,Sóc Sơn,2023,366.101,1.3,9.19,0.17,3.139,4.581,12.56,656,14.32,98.00,92.90,117.0
283,01,13,Đông Anh,2023,415.578,0.9,7.53,0.29,12.918,4.860,11.63,351,7.22,92.20,88.80,112.0
284,01,14,Gia Lâm,2023,314.929,5.3,8.23,1.31,4.960,3.903,12.29,221,5.66,88.00,89.00,111.0
285,01,15,Thanh Trì,2023,301.610,2.5,10.34,01.09,6.665,4.019,13.18,240,5.97,81.00,86.00,109.0
286,01,16,Hà Đông,2023,448.607,3.0,08.04,1.21,3.175,4.785,11.27,251,5.25,82.00,87.00,111.5
287,01,17,Sơn Tây,2023,158.622,1.4,5.74,0.92,3.195,1.578,9.88,183,11.60,88.00,94.00,110.4
288,01,18,Ba Vì,2023,312.801,1.7,8.28,0.34,2.669,4.093,12.99,474,11.58,83.40,90.00,112.2
289,01,19,Phúc Thọ,2023,198.390,1.6,9.52,0.14,470,2.807,14.01,295,10.51,98.00,97.00,113.5
290,01,20,Đan Phượng,2023,189.010,1.4,07.08,0.73,1.595,2.233,11.75,223,9.99,89.30,89.50,111.0
291,01,21,Thạch Thất,2023,227.375,0.6,9.67,0.24,2.921,3.067,13.34,374,12.19,94.20,96.50,112.1
292,01,22,Hoài Đức,2023,292.442,3.6,7.99,0.40,3.444,3.393,13.02,473,13.94,95.50,93.00,116.0
293,01,23,Quốc Oai,2023,206.881,1.0,9.34,0.21,1.368,2.799,13.46,319,11.40,98.00,95.00,107.0
294,01,24,Chương Mỹ,2023,355.812,1.3,09.02,0.15,1.897,4.731,13.34,548,11.58,88.42,88.62,111.4
295,01,25,Thanh Oai,2023,230.782,2.1,6.64,-0.02,972,2.639,11.30,195,7.39,85.40,91.40,109.0
296,01,26,Thường Tín,2023,265.779,0.7,5.82,0.24,2.135,2.852,10.69,411,14.41,83.00,86.10,114.0
297,01,27,Ứng Hòa,2023,217.189,-6.4,5.29,0.16,1.669,2.485,11.40,341,13.72,93.77,94.44,106.0
298,01,28,Phú Xuyên,2023,236.086,9.4,6.59,0.06,1.360,2.770,11.98,233,8.41,85.00,87.00,108.0
299,01,29,Mỹ Đức,2023,212.885,1.3,8.26,0.00,1.131,2.651,12.23,266,10.03,81.50,86.50,110.0
300,01,30,Mê Linh,2023,257.675,1.3,09.01,0.07,1.139,3.420,13.79,235,6.87,83.00,86.70,112.0